{

    "metadata": {
        "sourceFile": "Giantspider_walk01.max",
        "generatedBy": "3ds max ThreeJSExporter",
        "formatVersion": 3,
        "vertices": 30,
        "normals": 30,
        "colors": 0,
        "uvs": 30,
        "triangles": 48,
        "materials": 1
    },

    "materials": [{
            "DbgIndex": 0,
            "DbgName": "Material #1",
            "colorDiffuse": [0.5880, 0.5880, 0.5880],
            "colorAmbient": [0, 0.5880, 0],
            "colorSpecular": [0.9000, 0.9000, 0.9000],
            "transparency": 1.0,
            "specularCoef": 10.0,
            "mapDiffuse": "RallyArrow2.png",
            "vertexColors": false
        }

    ],

    "vertices": [ 15.448400, -46.547199, 39.592602 ,
		 -15.518500, -46.913200, 39.930401 ,
		 15.472800, -56.447800, 31.091400 ,
		 -15.494200, -56.813801, 31.429100 ,
		 15.405600, -61.350101, 19.630100 ,
		 -15.561300, -61.716000, 19.967800 ,
		 15.261000, -60.038101, 7.799270 ,
		 -15.705900, -60.403900, 8.137040 ,
		 15.060200, -53.936001, -3.999570 ,
		 -15.906700, -54.301800, -3.661780 ,
		 31.522301, 34.592400, 39.584702 ,
		 46.620201, 7.552720, 39.922501 ,
		 40.081600, 39.263302, 30.912001 ,
		 55.179501, 12.223500, 31.249701 ,
		 44.246799, 41.444801, 19.366800 ,
		 59.344700, 14.404800, 19.704700 ,
		 42.982601, 40.591301, 7.560830 ,
		 58.080502, 13.551500, 7.898610 ,
		 37.536301, 37.404301, -4.129690 ,
		 52.634102, 10.364500, -3.791900 ,
		 -48.626900, 43.352600, -0.490660 ,
		 -62.841900, 15.838300, -0.828440 ,
		 -51.417400, 44.635601, 12.434300 ,
		 -65.632500, 17.121500, 12.096500 ,
		 -50.066002, 43.792500, 24.231501 ,
		 -64.280998, 16.278400, 23.893600 ,
		 -43.427299, 40.240601, 34.166599 ,
		 -57.642300, 12.726500, 33.828899 ,
		 -33.094799, 34.830601, 40.020500 ,
		 -47.310001, 7.316560, 39.682701 ],

    "normals": [ -0.009474, -0.102299, -0.994709 ,
		 -0.009474, -0.102299, -0.994709 ,
		 0.023196, -0.962919, 0.268791 ,
		 -0.009474, -0.102299, -0.994709 ,
		 0.023196, -0.962919, 0.268791 ,
		 -0.019186, 0.991788, 0.126444 ,
		 -0.022275, 0.638339, -0.769433 ,
		 0.004661, -0.649526, -0.760325 ,
		 0.023196, -0.962919, 0.268791 ,
		 -0.009474, -0.102299, -0.994709 ,
		 0.145472, 0.038584, -0.988610 ,
		 0.145472, 0.038584, -0.988610 ,
		 0.941782, 0.299460, 0.152876 ,
		 0.145472, 0.038584, -0.988610 ,
		 0.941782, 0.299460, 0.152876 ,
		 -0.949090, -0.299885, 0.096423 ,
		 -0.771867, -0.248916, -0.585032 ,
		 0.763913, 0.237415, -0.600059 ,
		 0.941782, 0.299460, 0.152876 ,
		 0.145472, 0.038584, -0.988610 ,
		 -0.376806, 0.117279, -0.918838 ,
		 -0.878930, 0.254592, 0.403317 ,
		 -0.891476, 0.264016, -0.368194 ,
		 0.614089, -0.174243, -0.769762 ,
		 0.946356, -0.276107, -0.167851 ,
		 -0.878930, 0.254592, 0.403317 ,
		 -0.376806, 0.117279, -0.918838 ,
		 -0.878930, 0.254592, 0.403317 ,
		 -0.376806, 0.117279, -0.918838 ,
		 -0.376806, 0.117279, -0.918838 ],

    "colors": [],

    "uvs": [
        [0.000000, 0.000000 ,
		 0.000000, 1.000000 ,
		 0.250000, 0.000000 ,
		 0.250000, 1.000000 ,
		 0.500000, 0.000000 ,
		 0.500000, 1.000000 ,
		 0.750000, 0.000000 ,
		 0.750000, 1.000000 ,
		 1.000000, 0.000000 ,
		 1.000000, 1.000000 ,
		 0.000000, 0.000000 ,
		 0.000000, 1.000000 ,
		 0.250000, 0.000000 ,
		 0.250000, 1.000000 ,
		 0.500000, 0.000000 ,
		 0.500000, 1.000000 ,
		 0.750000, 0.000000 ,
		 0.750000, 1.000000 ,
		 1.000000, 0.000000 ,
		 1.000000, 1.000000 ,
		 1.000000, 1.000000 ,
		 1.000000, 0.000000 ,
		 0.750000, 1.000000 ,
		 0.750000, 0.000000 ,
		 0.500000, 1.000000 ,
		 0.500000, 0.000000 ,
		 0.250000, 1.000000 ,
		 0.250000, 0.000000 ,
		 0.000000, 1.000000 ,
		 0.000000, 0.000000 ]
    ],

    "faces": [8,0,1,2,0,1,2,8,3,2,1,3,2,1,8,2,3,4,2,3,4,8,5,4,3,5,4,3,8,4,5,6,4,5,6,8,7,6,5,7,6,5,8,6,7,8,6,7,8,8,9,8,7,9,8,7,8,4,5,3,4,5,3,8,5,4,6,5,4,6,8,3,2,4,3,2,4,8,1,0,2,1,0,2,8,2,3,1,2,3,1,8,6,7,5,6,7,5,8,7,6,8,7,6,8,8,8,9,7,8,9,7,8,10,11,12,10,11,12,8,13,12,11,13,12,11,8,12,13,14,12,13,14,8,15,14,13,15,14,13,8,14,15,16,14,15,16,8,17,16,15,17,16,15,8,16,17,18,16,17,18,8,19,18,17,19,18,17,8,12,13,11,12,13,11,8,13,12,14,13,12,14,8,11,10,12,11,10,12,8,17,16,18,17,16,18,8,18,19,17,18,19,17,8,16,17,15,16,17,15,8,14,15,13,14,15,13,8,15,14,16,15,14,16,8,20,21,22,20,21,22,8,23,22,21,23,22,21,8,22,23,24,22,23,24,8,25,24,23,25,24,23,8,24,25,26,24,25,26,8,27,26,25,27,26,25,8,26,27,28,26,27,28,8,29,28,27,29,28,27,8,24,25,23,24,25,23,8,23,22,24,23,22,24,8,25,24,26,25,24,26,8,28,29,27,28,29,27,8,27,26,28,27,26,28,8,22,23,21,22,23,21,8,21,20,22,21,20,22,8,26,27,25,26,27,25],

    "bones": [{
            "parent": -1,
            "name": "Plane03",
            "pos": [0,0,0],
            "scl": [1, 1, 1],
            "rotq": [0.0, 0.0, 0.0, 1.0]
        },

        {
            "parent": -1,
            "name": "Bone33",
            "pos": [0,0,0],
            "scl": [1, 1, 1],
            "rotq": [0.0, 0.0, 0.0, 1.0]
        },

        {
            "parent": -1,
            "name": "Bone01",
            "pos": [0,0,0],
            "scl": [1, 1, 1],
            "rotq": [0.0, 0.0, 0.0, 1.0]
        }

    ],
"influencesPerVertex":1,
    "skinIndices": [0,
		0,
		0,
		0,
		0,
		0,
		0,
		0,
		0,
		0,
		1,
		1,
		1,
		1,
		1,
		1,
		1,
		1,
		1,
		1,
		2,
		2,
		2,
		2,
		2,
		2,
		2,
		2,
		2,
		2],

    "skinWeights": [1, 1, 1, 1, 1, 1, 1, 1, 1, 1, 1, 1, 1, 1, 1, 1, 1, 1, 1, 1, 1, 1, 1, 1, 1, 1, 1, 1, 1, 1],

    "animation": {
        "name": "free",
        "fps": 25,
        "length": 1,
        "hierarchy": [{
                "parent": -1,
                "keys": [{
                        "time": 0.033,
                        "pos": [0.0, 0.0, 0.0],
                        "rot": [0.000000, 0.000000, 0.000000, 1.000000],
                        "scl": [1, 1, 1]
                    },
                    {
                        "time": 0.300,
                        "pos": [0.000000, 28.718700, 2.368050],
                        "rot": [-0.720752, -0.000279, 0.001940, 0.693190],
                        "scl": [1, 1, 1]
                    },
                    {
                        "time": 0.567,
                        "pos": [-0.008361, 39.041000, -51.196201],
                        "rot": [-0.9621636100000001, 0.0008005700000000002, 0.00174687, 0.18858136000000003],
                        "scl": [0.47489554999999994, 0.47489554999999994, 0.4748946599999999]
                    },
                    {
                        "time": 0.600,
                        "pos": [0.131531, 37.787800, -60.357399],
                        "rot": [-0.992001, 0.000934, 0.001723, 0.126214],
                        "scl": [0.409995, 0.409995, 0.409994]
                    },
                    {
                        "time": 0.633,
                        "pos": [-0.007817, 43.904301, -55.329700],
                        "rot": [-0.990837288, 0.0009039040000000001, 0.0016238679999999999, 0.13273084],
                        "scl": [0.081321, 0.081321, 0.081321]
                    },
                    {
                        "time": 0.800,
                        "pos": [-0.012274, 41.201801, -65.408897],
                        "rot": [-0.9849482, 0.0007516000000000001, 0.0011221999999999998, 0.16571],
                        "scl": [0.07372625481798716, 0.07372625481798716, 0.07372625481798716]
                    },
                    {
                        "time": 1.100,
                        "pos": [-0.268677, 44.777100, -58.805500],
                        "rot": [-0.974369, 0.000478, 0.000221, 0.224954],
                        "scl": [0.060083, 0.060083, 0.060083]
                    }
                ]
            },
            {
                "parent": -1,